entry,user_id,title_id
"Vestibulum eu erat sed lectus hendrerit ullamcorper. Fusce id lacus euismod.",64eb855820cb38855bd668cc,64eb8c28437556e48d8b76be
"Aliquam lobortis, urna in faucibus vestibulum, velit elit eleifend sem, ac.",64eb855820cb38855bd668ce,64eb8c28437556e48d8b76c8
"Phasellus maximus pellentesque turpis, vel fermentum erat condimentum sit amet. Duis.",64eb855820cb38855bd668ca,64eb8c28437556e48d8b76bd
"Sed a purus ipsum. In ac blandit felis. Cras.",64eb855820cb38855bd668cb,64eb8c28437556e48d8b76c0
"Nunc ut mi sed purus dignissim scelerisque. Nulla facilisi. Maecenas.",64eb855820cb38855bd668ce,64eb8c28437556e48d8b76c7
"Proin ut velit ac mi ullamcorper iaculis. Fusce euismod felis.",64eb855820cb38855bd668cf,64eb8c28437556e48d8b76c0
"Vivamus suscipit sem ac lorem commodo, a efficitur mi sollicitudin.",64eb855820cb38855bd668c8,64eb8c28437556e48d8b76ba
"Praesent at lectus id enim eleifend interdum ac id enim.",64eb855820cb38855bd668cd,64eb8c28437556e48d8b76cc
"Nulla vehicula scelerisque odio, eget pellentesque nisl tempus in. Sed.",64eb855820cb38855bd668c7,64eb8c28437556e48d8b76c5
"Curabitur facilisis, tortor a varius bibendum, neque elit scelerisque turpis.",64eb855820cb38855bd668cc,64eb8c28437556e48d8b76c3
"Suspendisse auctor metus vel lectus commodo dignissim. Phasellus rhoncus fringilla.",64eb855820cb38855bd668cb,64eb8c28437556e48d8b76c5
"Mauris non turpis volutpat, feugiat lectus eu, aliquam felis. Morbi.",64eb855820cb38855bd668c8,64eb8c28437556e48d8b76c0
"Pellentesque vel finibus arcu, ac auctor erat. Suspendisse vel augue.",64eb855820cb38855bd668c9,64eb8c28437556e48d8b76be
"Etiam feugiat sollicitudin erat, in consequat nisi tristique ac. Sed.",64eb855820cb38855bd668cb,64eb8c28437556e48d8b76ca
"In iaculis diam sit amet urna consectetur, ac sodales.",64eb855820cb38855bd668cb,64eb8c28437556e48d8b76ca
"Nam id orci a felis efficitur sagittis. Sed.",64eb855820cb38855bd668cf,64eb8c28437556e48d8b76c0
"Pellentesque id augue a mi auctor tincidunt eget.",64eb855820cb38855bd668ce,64eb8c28437556e48d8b76bf
"Fusce tincidunt ultricies sem sed consequat. Cras efficitur.",64eb855820cb38855bd668c7,64eb8c28437556e48d8b76c8
"Donec hendrerit eu urna a rutrum. Aenean. commodo dignissim. Phasellus rhoncus fringilla",64eb855820cb38855bd668ca,64eb8c28437556e48d8b76c0
"Duis mollis ligula in purus condimentum, nec tincidunt sapien ultrices.",64eb855820cb38855bd668ce,64eb8c28437556e48d8b76cc
"Quisque pharetra lacus a justo bibendum, sed pulvinar nunc rutrum.",64eb855820cb38855bd668cd,64eb8c28437556e48d8b76c8
"Integer elementum ligula vitae eleifend maximus. Aliquam semper, nulla in.",64eb855820cb38855bd668c6,64eb8c28437556e48d8b76ca
"Sed euismod erat sed sapien faucibus, ut semper nunc consectetur.",64eb855820cb38855bd668ca,64eb8c28437556e48d8b76c9
"Etiam feugiat sollicitudin erat, in consequat nisi tristique ac. Sed.",64eb855820cb38855bd668ce,64eb8c28437556e48d8b76bc
"In iaculis diam sit amet urna consectetur, ac sodales.",64eb855820cb38855bd668c9,64eb8c28437556e48d8b76c7
"Nam id orci a felis efficitur sagittis. Sed.",64eb855820cb38855bd668cc,64eb8c28437556e48d8b76cb
"Pellentesque id augue a mi auctor tincidunt eget.",64eb855820cb38855bd668c6,64eb8c28437556e48d8b76c4
"Fusce tincidunt ultricies sem sed consequat. Cras efficitur.",64eb855820cb38855bd668c8,64eb8c28437556e48d8b76c6
"Donec hendrerit eu urna a rutrum. Aenean.",64eb855820cb38855bd668ce,64eb8c28437556e48d8b76bb
"Duis mollis ligula in purus condimentum, nec tincidunt sapien ultrices.",64eb855820cb38855bd668cd,64eb8c28437556e48d8b76ca
"Quisque pharetra lacus a justo bibendum, sed pulvinar nunc rutrum.",64eb855820cb38855bd668cb,64eb8c28437556e48d8b76c5
"Integer elementum ligula vitae eleifend maximus. Aliquam semper, nulla in.",64eb855820cb38855bd668cb,64eb8c28437556e48d8b76c6
"Sed euismod erat sed sapien faucibus, ut semper nunc consectetur.",64eb855820cb38855bd668cd,64eb8c28437556e48d8b76ba
"Lorem ipsum dolor sit amet, consectetur adipiscing elit. Curabitur sit amet nulla sed.",64eb855820cb38855bd668c6,64eb8c28437556e48d8b76ca
"Vestibulum eu erat sed lectus hendrerit ullamcorper. Fusce id lacus euismod.",64eb855820cb38855bd668c6,64eb8c28437556e48d8b76cc
"Aliquam lobortis, urna in faucibus vestibulum, velit elit eleifend sem, ac.",64eb855820cb38855bd668c8,64eb8c28437556e48d8b76ba
"Phasellus maximus pellentesque turpis, vel fermentum erat condimentum sit amet. Duis.",64eb855820cb38855bd668c7,64eb8c28437556e48d8b76bc
"Sed a purus ipsum. In ac blandit felis. Cras.",64eb855820cb38855bd668ca,64eb8c28437556e48d8b76c9
"Nunc ut mi sed purus dignissim scelerisque. Nulla facilisi. Maecenas.",64eb855820cb38855bd668cc,64eb8c28437556e48d8b76c2
"Proin ut velit ac mi ullamcorper iaculis. Fusce euismod felis.",64eb855820cb38855bd668c7,64eb8c28437556e48d8b76c2
"Vivamus suscipit sem ac lorem commodo, a efficitur mi sollicitudin.",64eb855820cb38855bd668c9,64eb8c28437556e48d8b76c8
"Praesent at lectus id enim eleifend interdum ac id enim.",64eb855820cb38855bd668cd,64eb8c28437556e48d8b76c0
"Nulla vehicula scelerisque odio, eget pellentesque nisl tempus in. Sed.",64eb855820cb38855bd668c9,64eb8c28437556e48d8b76c3
"Curabitur facilisis, tortor a varius bibendum, neque elit scelerisque turpis.",64eb855820cb38855bd668ce,64eb8c28437556e48d8b76c6
"Suspendisse auctor metus vel lectus commodo dignissim. Phasellus rhoncus fringilla.",64eb855820cb38855bd668cc,64eb8c28437556e48d8b76c8
"Mauris non turpis volutpat, feugiat lectus eu, aliquam felis. Morbi.",64eb855820cb38855bd668cc,64eb8c28437556e48d8b76c5
"Pellentesque vel finibus arcu, ac auctor erat. Suspendisse vel augue.",64eb855820cb38855bd668c6,64eb8c28437556e48d8b76bb
"Etiam feugiat sollicitudin erat, in consequat nisi tristique ac. Sed.",64eb855820cb38855bd668cb,64eb8c28437556e48d8b76c1
"In iaculis diam sit amet urna consectetur, ac sodales.",64eb855820cb38855bd668c7,64eb8c28437556e48d8b76c3
"Nam id orci a felis efficitur sagittis. Sed.",64eb855820cb38855bd668c6,64eb8c28437556e48d8b76c8
"Pellentesque id augue a mi auctor tincidunt eget.",64eb855820cb38855bd668c7,64eb8c28437556e48d8b76c5
"Fusce tincidunt ultricies sem sed consequat. Cras efficitur.",64eb855820cb38855bd668cc,64eb8c28437556e48d8b76c6
"Donec hendrerit eu urna a rutrum. Aenean.",64eb855820cb38855bd668ca,64eb8c28437556e48d8b76c8
"Duis mollis ligula in purus condimentum, nec tincidunt sapien ultrices.",64eb855820cb38855bd668c6,64eb8c28437556e48d8b76cb
"Quisque pharetra lacus a justo bibendum, sed pulvinar nunc rutrum.",64eb855820cb38855bd668cf,64eb8c28437556e48d8b76ba
"Integer elementum ligula vitae eleifend maximus. Aliquam semper, nulla in.",64eb855820cb38855bd668cb,64eb8c28437556e48d8b76c6
"Sed euismod erat sed sapien faucibus, ut semper nunc consectetur.",64eb855820cb38855bd668ca,64eb8c28437556e48d8b76bd
"Etiam feugiat sollicitudin erat, in consequat nisi tristique ac. Sed.",64eb855820cb38855bd668c8,64eb8c28437556e48d8b76c7
"In iaculis diam sit amet urna consectetur, ac sodales.",64eb855820cb38855bd668c9,64eb8c28437556e48d8b76c2
"Nam id orci a felis Integer elementum ligula vitae efficitur sagittis. Sed.",64eb855820cb38855bd668cd,64eb8c28437556e48d8b76bc
"Pellentesque id augue a mi auctor tincidunt eget.",64eb855820cb38855bd668cf,64eb8c28437556e48d8b76be
"Fusce tincidunt ultricies sem sed consequat. Cras efficitur.",64eb855820cb38855bd668cc,64eb8c28437556e48d8b76c8
"Donec hendrerit eu pharetra lacus a justo bibendum urna a rutrum. Aenean.",64eb855820cb38855bd668cb,64eb8c28437556e48d8b76c4
"Duis mollis ligula in purus condimentum, nec tincidunt sapien ultrices.",64eb855820cb38855bd668cd,64eb8c28437556e48d8b76c2
"Quisque pharetra lacus a justo bibendum, sed pulvinar nunc rutrum.",64eb855820cb38855bd668cb,64eb8c28437556e48d8b76bc
"Integer elementum ligula vitae eleifend maximus. Aliquam semper, nulla in.",64eb855820cb38855bd668c8,64eb8c28437556e48d8b76c9
"Sed euismod erat sed sapien faucibus, ut semper nunc consectetur.",64eb855820cb38855bd668c6,64eb8c28437556e48d8b76c9
"Nam id orci a felis Integer elementum ligula vitae efficitur sagittis. Sed.",64eb855820cb38855bd668ce,64eb8c28437556e48d8b76c7
"Pellentesque id augue a mi auctor tincidunt eget.",64eb855820cb38855bd668c6,64eb8c28437556e48d8b76ca
"Suspendisse auctor metus vel lectus commodo dignissim. Phasellus rhoncus fringilla.",64eb855820cb38855bd668c6,64eb8c28437556e48d8b76c2
"Mauris non turpis volutpat, feugiat lectus eu, aliquam felis. Morbi.",64eb855820cb38855bd668ce,64eb8c28437556e48d8b76c0
"Pellentesque vel finibus arcu, ac auctor erat. Suspendisse vel augue.",64eb855820cb38855bd668c9,64eb8c28437556e48d8b76ca
"Etiam feugiat sollicitudin erat, in consequat nisi tristique ac. Sed.",64eb855820cb38855bd668cc,64eb8c28437556e48d8b76bc
"In iaculis diam sit amet urna consectetur, ac sodales.",64eb855820cb38855bd668c8,64eb8c28437556e48d8b76c7
"Nam id orci a felis efficitur sagittis. Sed.",64eb855820cb38855bd668c6,64eb8c28437556e48d8b76c9
"Pellentesque id augue a mi auctor tincidunt eget.",64eb855820cb38855bd668c8,64eb8c28437556e48d8b76be
"Fusce tincidunt ultricies sem sed consequat. Cras efficitur.",64eb855820cb38855bd668cb,64eb8c28437556e48d8b76c8
"Donec hendrerit eu urna a rutrum. Aenean.",64eb855820cb38855bd668ce,64eb8c28437556e48d8b76ba
"Duis mollis ligula in purus condimentum, nec tincidunt sapien ultrices.",64eb855820cb38855bd668cd,64eb8c28437556e48d8b76bb
"Quisque pharetra lacus a justo bibendum, sed pulvinar nunc rutrum.",64eb855820cb38855bd668c6,64eb8c28437556e48d8b76be
"Integer elementum ligula vitae eleifend maximus. Aliquam semper, nulla in.",64eb855820cb38855bd668cd,64eb8c28437556e48d8b76bf
"Sed euismod erat sed sapien faucibus, ut semper nunc consectetur.",64eb855820cb38855bd668ca,64eb8c28437556e48d8b76bd
"Etiam feugiat sollicitudin erat, in consequat nisi tristique ac. Sed.",64eb855820cb38855bd668cb,64eb8c28437556e48d8b76bb
"In iaculis diam sit amet urna consectetur, ac sodales.",64eb855820cb38855bd668c8,64eb8c28437556e48d8b76bc
"Nam id orci a felis Integer elementum ligula vitae efficitur sagittis. Sed.",64eb855820cb38855bd668ca,64eb8c28437556e48d8b76c0
"Pellentesque id augue a mi auctor tincidunt eget.",64eb855820cb38855bd668cb,64eb8c28437556e48d8b76c6
"Fusce tincidunt ultricies sem sed consequat. Cras efficitur.",64eb855820cb38855bd668c6,64eb8c28437556e48d8b76be
"Donec hendrerit eu pharetra lacus a justo bibendum urna a rutrum. Aenean.",64eb855820cb38855bd668c8,64eb8c28437556e48d8b76ba
"Duis mollis ligula in purus condimentum, nec tincidunt sapien ultrices.",64eb855820cb38855bd668c9,64eb8c28437556e48d8b76be
"Quisque pharetra lacus a justo bibendum, sed pulvinar nunc rutrum.",64eb855820cb38855bd668c6,64eb8c28437556e48d8b76c4
"Integer elementum ligula vitae eleifend maximus. Aliquam semper, nulla in.",64eb855820cb38855bd668ca,64eb8c28437556e48d8b76cd
"Sed euismod erat sed sapien faucibus, ut semper nunc consectetur.",64eb855820cb38855bd668c9,64eb8c28437556e48d8b76c1
"Nam id orci a felis Integer elementum ligula vitae efficitur sagittis. Sed.",64eb855820cb38855bd668c6,64eb8c28437556e48d8b76c5
"Pellentesque id augue a mi auctor tincidunt eget.",64eb855820cb38855bd668ca,64eb8c28437556e48d8b76ca
"Duis mollis ligula in purus condimentum, nec tincidunt sapien ultrices.",64eb855820cb38855bd668cc,64eb8c28437556e48d8b76ba
"Quisque pharetra lacus a justo bibendum, sed pulvinar nunc rutrum.",64eb855820cb38855bd668cf,64eb8c28437556e48d8b76c2
"Donec hendrerit eu urna a rutrum. Aenean.",64eb855820cb38855bd668ce,64eb8c28437556e48d8b76bb
"Duis mollis ligula in purus condimentum, nec tincidunt sapien ultrices.",64eb855820cb38855bd668ce,64eb8c28437556e48d8b76c4
"Quisque pharetra lacus a justo bibendum, sed pulvinar nunc rutrum.",64eb855820cb38855bd668cd,64eb8c28437556e48d8b76bc
"Integer elementum ligula vitae eleifend maximus. Aliquam semper, nulla in.",64eb855820cb38855bd668c6,64eb8c28437556e48d8b76bc
"Sed euismod erat sed sapien faucibus, ut semper nunc consectetur.",64eb855820cb38855bd668ca,64eb8c28437556e48d8b76bc
"Etiam feugiat sollicitudin erat, in consequat nisi tristique ac. Sed.",64eb855820cb38855bd668c9,64eb8c28437556e48d8b76c1
"In iaculis diam sit amet urna consectetur, ac sodales.",64eb855820cb38855bd668cf,64eb8c28437556e48d8b76cc
"Nam id orci a felis Integer elementum ligula vitae efficitur sagittis. Sed.",64eb855820cb38855bd668cf,64eb8c28437556e48d8b76c9
"Pellentesque id augue a mi auctor tincidunt eget.",64eb855820cb38855bd668cd,64eb8c28437556e48d8b76c6
"Fusce tincidunt ultricies sem sed consequat. Cras efficitur.",64eb855820cb38855bd668cf,64eb8c28437556e48d8b76c2
"Donec hendrerit eu pharetra lacus a justo bibendum urna a rutrum. Aenean.",64eb855820cb38855bd668cf,64eb8c28437556e48d8b76bc
"Duis mollis ligula in purus condimentum, nec tincidunt sapien ultrices.",64eb855820cb38855bd668c7,64eb8c28437556e48d8b76c8
"Quisque pharetra lacus a justo bibendum, sed pulvinar nunc rutrum.",64eb855820cb38855bd668c6,64eb8c28437556e48d8b76be
"Integer elementum ligula vitae eleifend maximus. Aliquam semper, nulla in.",64eb855820cb38855bd668c6,64eb8c28437556e48d8b76cc
"Sed euismod erat sed sapien faucibus, ut semper nunc consectetur.",64eb855820cb38855bd668c9,64eb8c28437556e48d8b76cd
"Nam id orci a felis Integer elementum ligula vitae efficitur sagittis. Sed.",64eb855820cb38855bd668cd,64eb8c28437556e48d8b76c1
"Pellentesque id augue a mi auctor tincidunt eget.",64eb855820cb38855bd668c9,64eb8c28437556e48d8b76bf
"Duis mollis ligula in purus condimentum, nec tincidunt sapien ultrices.",64eb855820cb38855bd668c7,64eb8c28437556e48d8b76c4
"Quisque pharetra lacus a justo bibendum, sed pulvinar nunc rutrum.",64eb855820cb38855bd668ce,64eb8c28437556e48d8b76c2
"Integer elementum ligula vitae eleifend maximus. Aliquam semper, nulla in.",64eb855820cb38855bd668c6,64eb8c28437556e48d8b76c3
"Sed euismod erat sed sapien faucibus, ut semper nunc consectetur.",64eb855820cb38855bd668cc,64eb8c28437556e48d8b76cd
"Lorem ipsum dolor sit amet, consectetur adipiscing elit. Curabitur sit amet nulla sed.",64eb855820cb38855bd668ca,64eb8c28437556e48d8b76cd
"Vestibulum eu erat sed lectus hendrerit ullamcorper. Fusce id lacus euismod.",64eb855820cb38855bd668c6,64eb8c28437556e48d8b76c8
"Aliquam lobortis, urna in faucibus vestibulum, velit elit eleifend sem, ac.",64eb855820cb38855bd668ca,64eb8c28437556e48d8b76c8
"Phasellus maximus pellentesque turpis, vel fermentum erat condimentum sit amet. Duis.",64eb855820cb38855bd668c8,64eb8c28437556e48d8b76cc
"Sed a purus ipsum. In ac blandit felis. Cras.",64eb855820cb38855bd668ce,64eb8c28437556e48d8b76c0
"Nunc ut mi sed purus dignissim scelerisque. Nulla facilisi. Maecenas.",64eb855820cb38855bd668cb,64eb8c28437556e48d8b76cd
"Proin ut velit ac mi ullamcorper iaculis. Fusce euismod felis.",64eb855820cb38855bd668c9,64eb8c28437556e48d8b76c8
"Vivamus suscipit sem ac lorem commodo, a efficitur mi sollicitudin.",64eb855820cb38855bd668cb,64eb8c28437556e48d8b76cb
"Praesent at lectus id enim eleifend interdum ac id enim.",64eb855820cb38855bd668c8,64eb8c28437556e48d8b76c9
"Nulla vehicula scelerisque odio, eget pellentesque nisl tempus in. Sed.",64eb855820cb38855bd668c8,64eb8c28437556e48d8b76bf
"Curabitur facilisis, tortor a varius bibendum, neque elit scelerisque turpis.",64eb855820cb38855bd668c6,64eb8c28437556e48d8b76c2
"Suspendisse auctor metus vel lectus commodo dignissim. Phasellus rhoncus fringilla.",64eb855820cb38855bd668cd,64eb8c28437556e48d8b76ba
"Mauris non turpis volutpat, feugiat lectus eu, aliquam felis. Morbi.",64eb855820cb38855bd668cb,64eb8c28437556e48d8b76ca
"Pellentesque vel finibus arcu, ac auctor erat. Suspendisse vel augue.",64eb855820cb38855bd668c6,64eb8c28437556e48d8b76bb
"Etiam feugiat sollicitudin erat, in consequat nisi tristique ac. Sed.",64eb855820cb38855bd668cb,64eb8c28437556e48d8b76c6
"In iaculis diam sit amet urna consectetur, ac sodales.",64eb855820cb38855bd668cd,64eb8c28437556e48d8b76c4
"Nam id orci a felis efficitur sagittis. Sed.",64eb855820cb38855bd668c7,64eb8c28437556e48d8b76c8
"Pellentesque id augue a mi auctor tincidunt eget.",64eb855820cb38855bd668cd,64eb8c28437556e48d8b76bf
"Fusce tincidunt ultricies sem sed consequat. Cras efficitur.",64eb855820cb38855bd668c8,64eb8c28437556e48d8b76c0
"Donec hendrerit eu urna a rutrum. Aenean.",64eb855820cb38855bd668c7,64eb8c28437556e48d8b76c3
"Duis mollis ligula in purus condimentum, nec tincidunt sapien ultrices.",64eb855820cb38855bd668ca,64eb8c28437556e48d8b76bd
"Quisque pharetra lacus a justo bibendum, sed pulvinar nunc rutrum.",64eb855820cb38855bd668c6,64eb8c28437556e48d8b76be
"Integer elementum ligula vitae eleifend maximus. Aliquam semper, nulla in.",64eb855820cb38855bd668cc,64eb8c28437556e48d8b76bd
"Sed euismod erat sed sapien faucibus, ut semper nunc consectetur.",64eb855820cb38855bd668c9,64eb8c28437556e48d8b76c0
"Etiam feugiat sollicitudin erat, in consequat nisi tristique ac. Sed.",64eb855820cb38855bd668ca,64eb8c28437556e48d8b76cd
"In iaculis diam sit amet urna consectetur, ac sodales.",64eb855820cb38855bd668cb,64eb8c28437556e48d8b76c4
"Nam id orci a felis Integer elementum ligula vitae efficitur sagittis. Sed.",64eb855820cb38855bd668ca,64eb8c28437556e48d8b76ca
"Pellentesque id augue a mi auctor tincidunt eget.",64eb855820cb38855bd668ce,64eb8c28437556e48d8b76c2
"Fusce tincidunt ultricies sem sed consequat. Cras efficitur.",64eb855820cb38855bd668c7,64eb8c28437556e48d8b76c6
"Donec hendrerit eu pharetra lacus a justo bibendum urna a rutrum. Aenean.",64eb855820cb38855bd668c6,64eb8c28437556e48d8b76c5
"Praesent at lectus id enim eleifend interdum ac id enim.",64eb855820cb38855bd668cf,64eb8c28437556e48d8b76cc
"Nulla vehicula scelerisque odio, eget pellentesque nisl tempus in. Sed.",64eb855820cb38855bd668cb,64eb8c28437556e48d8b76bb
"Curabitur facilisis, tortor a varius bibendum, neque elit scelerisque turpis.",64eb855820cb38855bd668ca,64eb8c28437556e48d8b76c0
"Suspendisse auctor metus vel lectus commodo dignissim. Phasellus rhoncus fringilla.",64eb855820cb38855bd668cc,64eb8c28437556e48d8b76be
"Mauris non turpis volutpat, feugiat lectus eu, aliquam felis. Morbi.",64eb855820cb38855bd668c8,64eb8c28437556e48d8b76cb
"Pellentesque vel finibus arcu, ac auctor erat. Suspendisse vel augue.",64eb855820cb38855bd668c9,64eb8c28437556e48d8b76c2
"Etiam feugiat sollicitudin erat, in consequat nisi tristique ac. Sed.",64eb855820cb38855bd668c7,64eb8c28437556e48d8b76cc
"In iaculis diam sit amet urna consectetur, ac sodales.",64eb855820cb38855bd668cb,64eb8c28437556e48d8b76c1
"Nam id orci a felis efficitur sagittis. Sed.",64eb855820cb38855bd668c6,64eb8c28437556e48d8b76c1
"Pellentesque id augue a mi auctor tincidunt eget.",64eb855820cb38855bd668ca,64eb8c28437556e48d8b76cb
"Fusce tincidunt ultricies sem sed consequat. Cras efficitur.",64eb855820cb38855bd668c8,64eb8c28437556e48d8b76c7
"Donec hendrerit eu urna a rutrum. Aenean.",64eb855820cb38855bd668cf,64eb8c28437556e48d8b76cb
"Duis mollis ligula in purus condimentum, nec tincidunt sapien ultrices.",64eb855820cb38855bd668ca,64eb8c28437556e48d8b76c7
"Quisque pharetra lacus a justo bibendum, sed pulvinar nunc rutrum.",64eb855820cb38855bd668ce,64eb8c28437556e48d8b76bf
"Integer elementum ligula vitae eleifend maximus. Aliquam semper, nulla in.",64eb855820cb38855bd668c7,64eb8c28437556e48d8b76bf
"Sed euismod erat sed sapien faucibus, ut semper nunc consectetur.",64eb855820cb38855bd668c9,64eb8c28437556e48d8b76c4
"Etiam feugiat sollicitudin erat, in consequat nisi tristique ac. Sed.",64eb855820cb38855bd668cc,64eb8c28437556e48d8b76c9
"In iaculis diam sit amet urna consectetur, ac sodales.",64eb855820cb38855bd668ca,64eb8c28437556e48d8b76bc
"Nam id orci a felis Integer elementum ligula vitae efficitur sagittis. Sed.",64eb855820cb38855bd668cc,64eb8c28437556e48d8b76bf
"Pellentesque id augue a mi auctor tincidunt eget.",64eb855820cb38855bd668cc,64eb8c28437556e48d8b76c3
"Fusce tincidunt ultricies sem sed consequat. Cras efficitur.",64eb855820cb38855bd668c8,64eb8c28437556e48d8b76bd
"Donec hendrerit eu pharetra lacus a justo bibendum urna a rutrum. Aenean.",64eb855820cb38855bd668cc,64eb8c28437556e48d8b76be
"Duis mollis ligula in purus condimentum, nec tincidunt sapien ultrices.",64eb855820cb38855bd668c8,64eb8c28437556e48d8b76cc
"Quisque pharetra lacus a justo bibendum, sed pulvinar nunc rutrum.",64eb855820cb38855bd668cb,64eb8c28437556e48d8b76ca
"Integer elementum ligula vitae eleifend maximus. Aliquam semper, nulla in.",64eb855820cb38855bd668ce,64eb8c28437556e48d8b76c4
"Sed euismod erat sed sapien faucibus, ut semper nunc consectetur.",64eb855820cb38855bd668c9,64eb8c28437556e48d8b76c8
"Nam id orci a felis Integer elementum ligula vitae efficitur sagittis. Sed.",64eb855820cb38855bd668c9,64eb8c28437556e48d8b76ca
"Pellentesque id augue a mi auctor tincidunt eget.",64eb855820cb38855bd668c6,64eb8c28437556e48d8b76be
"Suspendisse auctor metus vel lectus commodo dignissim. Phasellus rhoncus fringilla.",64eb855820cb38855bd668ce,64eb8c28437556e48d8b76be
"Mauris non turpis volutpat, feugiat lectus eu, aliquam felis. Morbi.",64eb855820cb38855bd668cc,64eb8c28437556e48d8b76c8
"Pellentesque vel finibus arcu, ac auctor erat. Suspendisse vel augue.",64eb855820cb38855bd668cc,64eb8c28437556e48d8b76c9
"Etiam feugiat sollicitudin erat, in consequat nisi tristique ac. Sed.",64eb855820cb38855bd668cb,64eb8c28437556e48d8b76c2
"In iaculis diam sit amet urna consectetur, ac sodales.",64eb855820cb38855bd668cc,64eb8c28437556e48d8b76c5
"Nam id orci a felis efficitur sagittis. Sed.",64eb855820cb38855bd668c8,64eb8c28437556e48d8b76c4
"Pellentesque id augue a mi auctor tincidunt eget.",64eb855820cb38855bd668cc,64eb8c28437556e48d8b76bf
"Fusce tincidunt ultricies sem sed consequat. Cras efficitur.",64eb855820cb38855bd668c9,64eb8c28437556e48d8b76bb
"Donec hendrerit eu urna a rutrum. Aenean.",64eb855820cb38855bd668c6,64eb8c28437556e48d8b76c5
"Duis mollis ligula in purus condimentum, nec tincidunt sapien ultrices.",64eb855820cb38855bd668cb,64eb8c28437556e48d8b76c2
"Quisque pharetra lacus a justo bibendum, sed pulvinar nunc rutrum.",64eb855820cb38855bd668cb,64eb8c28437556e48d8b76be
"Integer elementum ligula vitae eleifend maximus. Aliquam semper, nulla in.",64eb855820cb38855bd668c6,64eb8c28437556e48d8b76cc
"Sed euismod erat sed sapien faucibus, ut semper nunc consectetur.",64eb855820cb38855bd668c6,64eb8c28437556e48d8b76ba
"Etiam feugiat sollicitudin erat, in consequat nisi tristique ac. Sed.",64eb855820cb38855bd668cd,64eb8c28437556e48d8b76ca
"In iaculis diam sit amet urna consectetur, ac sodales.",64eb855820cb38855bd668ce,64eb8c28437556e48d8b76bd
"Nam id orci a felis Integer elementum ligula vitae efficitur sagittis. Sed.",64eb855820cb38855bd668ca,64eb8c28437556e48d8b76c6
"Pellentesque id augue a mi auctor tincidunt eget.",64eb855820cb38855bd668cd,64eb8c28437556e48d8b76c9
"Fusce tincidunt ultricies sem sed consequat. Cras efficitur.",64eb855820cb38855bd668ca,64eb8c28437556e48d8b76c3
"Donec hendrerit eu pharetra lacus a justo bibendum urna a rutrum. Aenean.",64eb855820cb38855bd668ca,64eb8c28437556e48d8b76c7
"Duis mollis ligula in purus condimentum, nec tincidunt sapien ultrices.",64eb855820cb38855bd668cb,64eb8c28437556e48d8b76cb
"Quisque pharetra lacus a justo bibendum, sed pulvinar nunc rutrum.",64eb855820cb38855bd668cd,64eb8c28437556e48d8b76c2
"Integer elementum ligula vitae eleifend maximus. Aliquam semper, nulla in.",64eb855820cb38855bd668cf,64eb8c28437556e48d8b76c5
"Sed euismod erat sed sapien faucibus, ut semper nunc consectetur.",64eb855820cb38855bd668c6,64eb8c28437556e48d8b76cc
"Nam id orci a felis Integer elementum ligula vitae efficitur sagittis. Sed.",64eb855820cb38855bd668c6,64eb8c28437556e48d8b76bc
"Pellentesque id augue a mi auctor tincidunt eget.",64eb855820cb38855bd668c7,64eb8c28437556e48d8b76cb
"Lorem ipsum dolor sit amet, consectetur adipiscing elit. Curabitur sit amet nulla sed.",64eb855820cb38855bd668c7,64eb8c28437556e48d8b76ba













